{
  "appId": "com.mql5editor.app",
  "productName": "MQL5 Editor",
  "copyright": "Copyright © 2025",
  "directories": {
    "output": "release/"
  },
  "files": [
    "dist/**/*",
    "electron/**/*",
    "server/**/*",
    "package.json"
  ],
  "extraResources": [
    {
      "from": "uploads",
      "to": "uploads"
    }
  ],
  "win": {
    "target": [
      "nsis",
      "portable"
    ],
    "icon": "electron/icons/icon.ico"
  },
  "nsis": {
    "oneClick": false,
    "allowToChangeInstallationDirectory": true,
    "license": "LICENSE",
    "shortcutName": "MQL5 Editor"
  },
  "portable": {
    "artifactName": "MQL5Editor-Portable.exe"
  },
  "publish": null
}